-- Flyway Migration: Insert Dummy Movies and Genres
-- Description: Seeds the database with 8 genres and 10 popular movies
-- Author: Generated by Claude Code
-- Date: 30/10/2025 18:38

-- Insert Genres
INSERT INTO genre (id, title) VALUES (1, 'Action') ON CONFLICT (id) DO NOTHING;
INSERT INTO genre (id, title) VALUES (2, 'Drama') ON CONFLICT (id) DO NOTHING;
INSERT INTO genre (id, title) VALUES (3, 'Comedy') ON CONFLICT (id) DO NOTHING;
INSERT INTO genre (id, title) VALUES (4, 'Thriller') ON CONFLICT (id) DO NOTHING;
INSERT INTO genre (id, title) VALUES (5, 'Sci-Fi') ON CONFLICT (id) DO NOTHING;
INSERT INTO genre (id, title) VALUES (6, 'Romance') ON CONFLICT (id) DO NOTHING;
INSERT INTO genre (id, title) VALUES (7, 'Horror') ON CONFLICT (id) DO NOTHING;
INSERT INTO genre (id, title) VALUES (8, 'Adventure') ON CONFLICT (id) DO NOTHING;

-- Insert 10 Dummy Movies with Real Poster URLs and YouTube Trailer IDs
INSERT INTO movie (title, sinopsis, premiere_date, youtube_trailer_id, route_cover) VALUES
('The Matrix', 'A computer hacker learns about the true nature of his reality and his role in the war against its controllers.', '1999-03-31', 'm8e-FF8MkqU', 'https://image.tmdb.org/t/p/w500/f89U3ADr1oiB1s9GkdPOEpXUk5H.jpg'),
('Inception', 'A thief who steals corporate secrets through dream-sharing technology is given the inverse task of planting an idea into the mind of a C.E.O.', '2010-07-16', 'YoHD9XEInc0', 'https://image.tmdb.org/t/p/w500/ljsZTbVsrQSqZgWeep2B1QiDKuh.jpg'),
('The Dark Knight', 'When the menace known as the Joker wreaks havoc and chaos on the people of Gotham, Batman must accept one of the greatest psychological and physical tests.', '2008-07-18', 'EXeTwQWrcwY', 'https://image.tmdb.org/t/p/w500/qJ2tW6WMUDux911r6m7haRef0WH.jpg'),
('Interstellar', 'A team of explorers travel through a wormhole in space in an attempt to ensure humanity''s survival.', '2014-11-07', 'zSWdZVtXT7E', 'https://image.tmdb.org/t/p/w500/gEU2QniE6E77NI6lCU6MxlNBvIx.jpg'),
('The Shawshank Redemption', 'Two imprisoned men bond over a number of years, finding solace and eventual redemption through acts of common decency.', '1994-09-23', '6hB3S9bIaco', 'https://image.tmdb.org/t/p/w500/q6y0Go1tsGEsmtFryDOJo3dEmqu.jpg'),
('Pulp Fiction', 'A burger-loving hit man, his philosophical partner, a drug-addled gangster''s moll and a washed-up boxer converge in this sprawling, comedic crime caper.', '1994-10-14', 's7EdQ4FqbhY', 'https://image.tmdb.org/t/p/w500/d5iIlFn5s0ImszYzBPb8JPIfbXD.jpg'),
('Forrest Gump', 'A man with a low IQ has accomplished great things in his life and been present during significant historic events, in each case far exceeding what anyone imagined he could do.', '1994-07-06', 'bLvqoHBptjg', 'https://image.tmdb.org/t/p/w500/arw2vcBveWOVZr6pxd9XTd1TdQa.jpg'),
('Avengers: Endgame', 'After the devastating events of Avengers: Infinity War, the universe is in ruins. The Avengers assemble once more to reverse Thanos'' actions and restore balance.', '2019-04-26', 'TcMBFSGVi1c', 'https://image.tmdb.org/t/p/w500/or06FN3Dka5tukK1e9sl16pB3iy.jpg'),
('Parasite', 'All unemployed, Ki-taek''s family takes peculiar interest in the wealthy and glamorous Parks for their livelihood until they get entangled in an unexpected incident.', '2019-05-30', '5xH0HfJHsaY', 'https://image.tmdb.org/t/p/w500/7IiTTgloJzvGI1TAYymCfbfl3vT.jpg'),
('Joker', 'During the 1980s, a failed stand-up comedian is driven insane and turns to a life of crime and chaos in Gotham City while becoming an infamous psychopathic crime figure.', '2019-10-04', 'zAGVQLHvwOY', 'https://image.tmdb.org/t/p/w500/udDclJoHjfjb8Ekgsd4FDteOkCU.jpg');

-- Link Movies with Genres (genre_movie junction table)
-- The Matrix - Action, Sci-Fi
INSERT INTO genre_movie (movie_id, id_genre) VALUES
((SELECT id FROM movie WHERE title = 'The Matrix'), 1),
((SELECT id FROM movie WHERE title = 'The Matrix'), 5);

-- Inception - Action, Sci-Fi, Thriller
INSERT INTO genre_movie (movie_id, id_genre) VALUES
((SELECT id FROM movie WHERE title = 'Inception'), 1),
((SELECT id FROM movie WHERE title = 'Inception'), 5),
((SELECT id FROM movie WHERE title = 'Inception'), 4);

-- The Dark Knight - Action, Drama, Thriller
INSERT INTO genre_movie (movie_id, id_genre) VALUES
((SELECT id FROM movie WHERE title = 'The Dark Knight'), 1),
((SELECT id FROM movie WHERE title = 'The Dark Knight'), 2),
((SELECT id FROM movie WHERE title = 'The Dark Knight'), 4);

-- Interstellar - Sci-Fi, Drama, Adventure
INSERT INTO genre_movie (movie_id, id_genre) VALUES
((SELECT id FROM movie WHERE title = 'Interstellar'), 5),
((SELECT id FROM movie WHERE title = 'Interstellar'), 2),
((SELECT id FROM movie WHERE title = 'Interstellar'), 8);

-- The Shawshank Redemption - Drama
INSERT INTO genre_movie (movie_id, id_genre) VALUES
((SELECT id FROM movie WHERE title = 'The Shawshank Redemption'), 2);

-- Pulp Fiction - Drama, Thriller
INSERT INTO genre_movie (movie_id, id_genre) VALUES
((SELECT id FROM movie WHERE title = 'Pulp Fiction'), 2),
((SELECT id FROM movie WHERE title = 'Pulp Fiction'), 4);

-- Forrest Gump - Drama, Romance
INSERT INTO genre_movie (movie_id, id_genre) VALUES
((SELECT id FROM movie WHERE title = 'Forrest Gump'), 2),
((SELECT id FROM movie WHERE title = 'Forrest Gump'), 6);

-- Avengers: Endgame - Action, Adventure, Sci-Fi
INSERT INTO genre_movie (movie_id, id_genre) VALUES
((SELECT id FROM movie WHERE title = 'Avengers: Endgame'), 1),
((SELECT id FROM movie WHERE title = 'Avengers: Endgame'), 8),
((SELECT id FROM movie WHERE title = 'Avengers: Endgame'), 5);

-- Parasite - Drama, Thriller
INSERT INTO genre_movie (movie_id, id_genre) VALUES
((SELECT id FROM movie WHERE title = 'Parasite'), 2),
((SELECT id FROM movie WHERE title = 'Parasite'), 4);

-- Joker - Drama, Thriller
INSERT INTO genre_movie (movie_id, id_genre) VALUES
((SELECT id FROM movie WHERE title = 'Joker'), 2),
((SELECT id FROM movie WHERE title = 'Joker'), 4);
